source_system,source_flow,role,role_title,page,page_slug,section_count,faq_count,sections,page_url,widget_url,embed_url,api_url
In-clinic,Flow1 / Doctor,doctor,Doctor Support,Doctor Verification Page,in-clinic-flow1-doctor-doctor-verification-page,1,7,In-clinic / Access & Verification,https://help.cpdinclinic.co.in/support/doctor/faq/page/in-clinic-flow1-doctor-doctor-verification-page/?system=In-clinic&flow=Flow1+%2F+Doctor,https://help.cpdinclinic.co.in/support/doctor/faq/page/in-clinic-flow1-doctor-doctor-verification-page/widget/?system=In-clinic&flow=Flow1+%2F+Doctor,https://help.cpdinclinic.co.in/support/doctor/faq/page/in-clinic-flow1-doctor-doctor-verification-page/widget/?system=In-clinic&flow=Flow1+%2F+Doctor&embed=1,https://help.cpdinclinic.co.in/support/api/doctor/pages/in-clinic-flow1-doctor-doctor-verification-page/?system=In-clinic&flow=Flow1+%2F+Doctor
Customer support,General support,doctor,Doctor Support,Sharing & Activation Page,customer-support-sharing-activation-page,1,1,Campaign Operations,https://help.cpdinclinic.co.in/support/doctor/faq/page/customer-support-sharing-activation-page/?system=Customer+support,https://help.cpdinclinic.co.in/support/doctor/faq/page/customer-support-sharing-activation-page/widget/?system=Customer+support,https://help.cpdinclinic.co.in/support/doctor/faq/page/customer-support-sharing-activation-page/widget/?system=Customer+support&embed=1,https://help.cpdinclinic.co.in/support/api/doctor/pages/customer-support-sharing-activation-page/?system=Customer+support
Campaign performance,General support,doctor,Doctor Support,Reports & Insights Page,campaign-performance-reports-insights-page,1,1,Reporting & Analytics,https://help.cpdinclinic.co.in/support/doctor/faq/page/campaign-performance-reports-insights-page/?system=Campaign+performance,https://help.cpdinclinic.co.in/support/doctor/faq/page/campaign-performance-reports-insights-page/widget/?system=Campaign+performance,https://help.cpdinclinic.co.in/support/doctor/faq/page/campaign-performance-reports-insights-page/widget/?system=Campaign+performance&embed=1,https://help.cpdinclinic.co.in/support/api/doctor/pages/campaign-performance-reports-insights-page/?system=Campaign+performance
In-clinic,Flow1 / Doctor,doctor,Doctor Support,Doctor Collateral View Screen,in-clinic-flow1-doctor-doctor-collateral-view-screen,2,10,In-clinic / Content Viewing | In-clinic / Archives & Additional Materials,https://help.cpdinclinic.co.in/support/doctor/faq/page/in-clinic-flow1-doctor-doctor-collateral-view-screen/?system=In-clinic&flow=Flow1+%2F+Doctor,https://help.cpdinclinic.co.in/support/doctor/faq/page/in-clinic-flow1-doctor-doctor-collateral-view-screen/widget/?system=In-clinic&flow=Flow1+%2F+Doctor,https://help.cpdinclinic.co.in/support/doctor/faq/page/in-clinic-flow1-doctor-doctor-collateral-view-screen/widget/?system=In-clinic&flow=Flow1+%2F+Doctor&embed=1,https://help.cpdinclinic.co.in/support/api/doctor/pages/in-clinic-flow1-doctor-doctor-collateral-view-screen/?system=In-clinic&flow=Flow1+%2F+Doctor
Patient Education,Flow1 / Doctor,doctor,Doctor Support,Doctor Credentials Mail Page,patient-education-flow1-doctor-doctor-credentials-mail-page,1,3,Patient Education / Access & Credentials,https://help.cpdinclinic.co.in/support/doctor/faq/page/patient-education-flow1-doctor-doctor-credentials-mail-page/?system=Patient+Education&flow=Flow1+%2F+Doctor,https://help.cpdinclinic.co.in/support/doctor/faq/page/patient-education-flow1-doctor-doctor-credentials-mail-page/widget/?system=Patient+Education&flow=Flow1+%2F+Doctor,https://help.cpdinclinic.co.in/support/doctor/faq/page/patient-education-flow1-doctor-doctor-credentials-mail-page/widget/?system=Patient+Education&flow=Flow1+%2F+Doctor&embed=1,https://help.cpdinclinic.co.in/support/api/doctor/pages/patient-education-flow1-doctor-doctor-credentials-mail-page/?system=Patient+Education&flow=Flow1+%2F+Doctor
Patient Education,Flow1 / Doctor,doctor,Doctor Support,Doctor Login Page,patient-education-flow1-doctor-doctor-login-page,1,3,Patient Education / Login & Account Access,https://help.cpdinclinic.co.in/support/doctor/faq/page/patient-education-flow1-doctor-doctor-login-page/?system=Patient+Education&flow=Flow1+%2F+Doctor,https://help.cpdinclinic.co.in/support/doctor/faq/page/patient-education-flow1-doctor-doctor-login-page/widget/?system=Patient+Education&flow=Flow1+%2F+Doctor,https://help.cpdinclinic.co.in/support/doctor/faq/page/patient-education-flow1-doctor-doctor-login-page/widget/?system=Patient+Education&flow=Flow1+%2F+Doctor&embed=1,https://help.cpdinclinic.co.in/support/api/doctor/pages/patient-education-flow1-doctor-doctor-login-page/?system=Patient+Education&flow=Flow1+%2F+Doctor
Patient Education,Flow1 / Doctor,doctor,Doctor Support,Doctor / Clinic Sharing Page,patient-education-flow1-doctor-doctor-clinic-sharing-page,3,11,Patient Education / Video Selection & Search | Patient Education / Sharing Setup | Patient Education / WhatsApp Message Sharing,https://help.cpdinclinic.co.in/support/doctor/faq/page/patient-education-flow1-doctor-doctor-clinic-sharing-page/?system=Patient+Education&flow=Flow1+%2F+Doctor,https://help.cpdinclinic.co.in/support/doctor/faq/page/patient-education-flow1-doctor-doctor-clinic-sharing-page/widget/?system=Patient+Education&flow=Flow1+%2F+Doctor,https://help.cpdinclinic.co.in/support/doctor/faq/page/patient-education-flow1-doctor-doctor-clinic-sharing-page/widget/?system=Patient+Education&flow=Flow1+%2F+Doctor&embed=1,https://help.cpdinclinic.co.in/support/api/doctor/pages/patient-education-flow1-doctor-doctor-clinic-sharing-page/?system=Patient+Education&flow=Flow1+%2F+Doctor
Red Flag Alert,Flow1 / Doctor,doctor,Doctor Support,Doctor/Clinic Login Screen Page,red-flag-alert-flow1-doctor-doctorclinic-login-screen-page,1,6,Red Flag Alert / Access & Login,https://help.cpdinclinic.co.in/support/doctor/faq/page/red-flag-alert-flow1-doctor-doctorclinic-login-screen-page/?system=Red+Flag+Alert&flow=Flow1+%2F+Doctor,https://help.cpdinclinic.co.in/support/doctor/faq/page/red-flag-alert-flow1-doctor-doctorclinic-login-screen-page/widget/?system=Red+Flag+Alert&flow=Flow1+%2F+Doctor,https://help.cpdinclinic.co.in/support/doctor/faq/page/red-flag-alert-flow1-doctor-doctorclinic-login-screen-page/widget/?system=Red+Flag+Alert&flow=Flow1+%2F+Doctor&embed=1,https://help.cpdinclinic.co.in/support/api/doctor/pages/red-flag-alert-flow1-doctor-doctorclinic-login-screen-page/?system=Red+Flag+Alert&flow=Flow1+%2F+Doctor
Red Flag Alert,Flow1 / Doctor,doctor,Doctor Support,Doctor/Clinic Portal Page,red-flag-alert-flow1-doctor-doctorclinic-portal-page,4,31,Red Flag Alert / Sending Forms to Patients | Red Flag Alert / Links & Access | Red Flag Alert / Document Management | Red Flag Alert / Clinic & Staff Management,https://help.cpdinclinic.co.in/support/doctor/faq/page/red-flag-alert-flow1-doctor-doctorclinic-portal-page/?system=Red+Flag+Alert&flow=Flow1+%2F+Doctor,https://help.cpdinclinic.co.in/support/doctor/faq/page/red-flag-alert-flow1-doctor-doctorclinic-portal-page/widget/?system=Red+Flag+Alert&flow=Flow1+%2F+Doctor,https://help.cpdinclinic.co.in/support/doctor/faq/page/red-flag-alert-flow1-doctor-doctorclinic-portal-page/widget/?system=Red+Flag+Alert&flow=Flow1+%2F+Doctor&embed=1,https://help.cpdinclinic.co.in/support/api/doctor/pages/red-flag-alert-flow1-doctor-doctorclinic-portal-page/?system=Red+Flag+Alert&flow=Flow1+%2F+Doctor
Red Flag Alert,Flow1 / Doctor,doctor,Doctor Support,Doctor Report Mail Page,red-flag-alert-flow1-doctor-doctor-report-mail-page,2,27,Red Flag Alert / Reports & PDFs | Red Flag Alert / Follow-ups & Reminders,https://help.cpdinclinic.co.in/support/doctor/faq/page/red-flag-alert-flow1-doctor-doctor-report-mail-page/?system=Red+Flag+Alert&flow=Flow1+%2F+Doctor,https://help.cpdinclinic.co.in/support/doctor/faq/page/red-flag-alert-flow1-doctor-doctor-report-mail-page/widget/?system=Red+Flag+Alert&flow=Flow1+%2F+Doctor,https://help.cpdinclinic.co.in/support/doctor/faq/page/red-flag-alert-flow1-doctor-doctor-report-mail-page/widget/?system=Red+Flag+Alert&flow=Flow1+%2F+Doctor&embed=1,https://help.cpdinclinic.co.in/support/api/doctor/pages/red-flag-alert-flow1-doctor-doctor-report-mail-page/?system=Red+Flag+Alert&flow=Flow1+%2F+Doctor
Red Flag Alert,Flow1 / Doctor,doctor,Doctor Support,Doctor/Clinic Reminder Page,red-flag-alert-flow1-doctor-doctorclinic-reminder-page,1,4,Red Flag Alert / Follow-ups & Reminders,https://help.cpdinclinic.co.in/support/doctor/faq/page/red-flag-alert-flow1-doctor-doctorclinic-reminder-page/?system=Red+Flag+Alert&flow=Flow1+%2F+Doctor,https://help.cpdinclinic.co.in/support/doctor/faq/page/red-flag-alert-flow1-doctor-doctorclinic-reminder-page/widget/?system=Red+Flag+Alert&flow=Flow1+%2F+Doctor,https://help.cpdinclinic.co.in/support/doctor/faq/page/red-flag-alert-flow1-doctor-doctorclinic-reminder-page/widget/?system=Red+Flag+Alert&flow=Flow1+%2F+Doctor&embed=1,https://help.cpdinclinic.co.in/support/api/doctor/pages/red-flag-alert-flow1-doctor-doctorclinic-reminder-page/?system=Red+Flag+Alert&flow=Flow1+%2F+Doctor
Customer support,General support,clinic_staff,Clinic Staff Support,Sharing & Activation Page,customer-support-sharing-activation-page,1,1,Campaign Operations,https://help.cpdinclinic.co.in/support/clinic_staff/faq/page/customer-support-sharing-activation-page/?system=Customer+support,https://help.cpdinclinic.co.in/support/clinic_staff/faq/page/customer-support-sharing-activation-page/widget/?system=Customer+support,https://help.cpdinclinic.co.in/support/clinic_staff/faq/page/customer-support-sharing-activation-page/widget/?system=Customer+support&embed=1,https://help.cpdinclinic.co.in/support/api/clinic_staff/pages/customer-support-sharing-activation-page/?system=Customer+support
Campaign performance,General support,clinic_staff,Clinic Staff Support,Reports & Insights Page,campaign-performance-reports-insights-page,1,1,Reporting & Analytics,https://help.cpdinclinic.co.in/support/clinic_staff/faq/page/campaign-performance-reports-insights-page/?system=Campaign+performance,https://help.cpdinclinic.co.in/support/clinic_staff/faq/page/campaign-performance-reports-insights-page/widget/?system=Campaign+performance,https://help.cpdinclinic.co.in/support/clinic_staff/faq/page/campaign-performance-reports-insights-page/widget/?system=Campaign+performance&embed=1,https://help.cpdinclinic.co.in/support/api/clinic_staff/pages/campaign-performance-reports-insights-page/?system=Campaign+performance
Customer support,General support,brand_manager,Brand Manager Support,Authentication Page,customer-support-authentication-page,1,1,Access & Login,https://help.cpdinclinic.co.in/support/brand_manager/faq/page/customer-support-authentication-page/?system=Customer+support,https://help.cpdinclinic.co.in/support/brand_manager/faq/page/customer-support-authentication-page/widget/?system=Customer+support,https://help.cpdinclinic.co.in/support/brand_manager/faq/page/customer-support-authentication-page/widget/?system=Customer+support&embed=1,https://help.cpdinclinic.co.in/support/api/brand_manager/pages/customer-support-authentication-page/?system=Customer+support
Customer support,General support,brand_manager,Brand Manager Support,Sharing & Activation Page,customer-support-sharing-activation-page,1,1,Campaign Operations,https://help.cpdinclinic.co.in/support/brand_manager/faq/page/customer-support-sharing-activation-page/?system=Customer+support,https://help.cpdinclinic.co.in/support/brand_manager/faq/page/customer-support-sharing-activation-page/widget/?system=Customer+support,https://help.cpdinclinic.co.in/support/brand_manager/faq/page/customer-support-sharing-activation-page/widget/?system=Customer+support&embed=1,https://help.cpdinclinic.co.in/support/api/brand_manager/pages/customer-support-sharing-activation-page/?system=Customer+support
Campaign performance,General support,brand_manager,Brand Manager Support,Reports & Insights Page,campaign-performance-reports-insights-page,1,1,Reporting & Analytics,https://help.cpdinclinic.co.in/support/brand_manager/faq/page/campaign-performance-reports-insights-page/?system=Campaign+performance,https://help.cpdinclinic.co.in/support/brand_manager/faq/page/campaign-performance-reports-insights-page/widget/?system=Campaign+performance,https://help.cpdinclinic.co.in/support/brand_manager/faq/page/campaign-performance-reports-insights-page/widget/?system=Campaign+performance&embed=1,https://help.cpdinclinic.co.in/support/api/brand_manager/pages/campaign-performance-reports-insights-page/?system=Campaign+performance
Red Flag Alert,Flow5 / BrandManager,brand_manager,Brand Manager Support,Brand Manager Dashboard,red-flag-alert-flow5-brandmanager-brand-manager-dashboard,1,3,Red Flag Alert / Dashboard & Navigation,https://help.cpdinclinic.co.in/support/brand_manager/faq/page/red-flag-alert-flow5-brandmanager-brand-manager-dashboard/?system=Red+Flag+Alert&flow=Flow5+%2F+BrandManager,https://help.cpdinclinic.co.in/support/brand_manager/faq/page/red-flag-alert-flow5-brandmanager-brand-manager-dashboard/widget/?system=Red+Flag+Alert&flow=Flow5+%2F+BrandManager,https://help.cpdinclinic.co.in/support/brand_manager/faq/page/red-flag-alert-flow5-brandmanager-brand-manager-dashboard/widget/?system=Red+Flag+Alert&flow=Flow5+%2F+BrandManager&embed=1,https://help.cpdinclinic.co.in/support/api/brand_manager/pages/red-flag-alert-flow5-brandmanager-brand-manager-dashboard/?system=Red+Flag+Alert&flow=Flow5+%2F+BrandManager
Red Flag Alert,Flow5 / BrandManager,brand_manager,Brand Manager Support,Band Manager Clinic Assets Management Page,red-flag-alert-flow5-brandmanager-band-manager-clinic-assets-management-page,1,6,Red Flag Alert / Asset Management,https://help.cpdinclinic.co.in/support/brand_manager/faq/page/red-flag-alert-flow5-brandmanager-band-manager-clinic-assets-management-page/?system=Red+Flag+Alert&flow=Flow5+%2F+BrandManager,https://help.cpdinclinic.co.in/support/brand_manager/faq/page/red-flag-alert-flow5-brandmanager-band-manager-clinic-assets-management-page/widget/?system=Red+Flag+Alert&flow=Flow5+%2F+BrandManager,https://help.cpdinclinic.co.in/support/brand_manager/faq/page/red-flag-alert-flow5-brandmanager-band-manager-clinic-assets-management-page/widget/?system=Red+Flag+Alert&flow=Flow5+%2F+BrandManager&embed=1,https://help.cpdinclinic.co.in/support/api/brand_manager/pages/red-flag-alert-flow5-brandmanager-band-manager-clinic-assets-management-page/?system=Red+Flag+Alert&flow=Flow5+%2F+BrandManager
Red Flag Alert,Flow5 / BrandManager,brand_manager,Brand Manager Support,Band Manager Field Rep Management Page,red-flag-alert-flow5-brandmanager-band-manager-field-rep-management-page,1,5,Red Flag Alert / Field Rep Management,https://help.cpdinclinic.co.in/support/brand_manager/faq/page/red-flag-alert-flow5-brandmanager-band-manager-field-rep-management-page/?system=Red+Flag+Alert&flow=Flow5+%2F+BrandManager,https://help.cpdinclinic.co.in/support/brand_manager/faq/page/red-flag-alert-flow5-brandmanager-band-manager-field-rep-management-page/widget/?system=Red+Flag+Alert&flow=Flow5+%2F+BrandManager,https://help.cpdinclinic.co.in/support/brand_manager/faq/page/red-flag-alert-flow5-brandmanager-band-manager-field-rep-management-page/widget/?system=Red+Flag+Alert&flow=Flow5+%2F+BrandManager&embed=1,https://help.cpdinclinic.co.in/support/api/brand_manager/pages/red-flag-alert-flow5-brandmanager-band-manager-field-rep-management-page/?system=Red+Flag+Alert&flow=Flow5+%2F+BrandManager
Red Flag Alert,Flow5 / BrandManager,brand_manager,Brand Manager Support,Band Manager Field Rep Details Editing Page,red-flag-alert-flow5-brandmanager-band-manager-field-rep-details-editing-page,1,5,Red Flag Alert / Field Rep Management,https://help.cpdinclinic.co.in/support/brand_manager/faq/page/red-flag-alert-flow5-brandmanager-band-manager-field-rep-details-editing-page/?system=Red+Flag+Alert&flow=Flow5+%2F+BrandManager,https://help.cpdinclinic.co.in/support/brand_manager/faq/page/red-flag-alert-flow5-brandmanager-band-manager-field-rep-details-editing-page/widget/?system=Red+Flag+Alert&flow=Flow5+%2F+BrandManager,https://help.cpdinclinic.co.in/support/brand_manager/faq/page/red-flag-alert-flow5-brandmanager-band-manager-field-rep-details-editing-page/widget/?system=Red+Flag+Alert&flow=Flow5+%2F+BrandManager&embed=1,https://help.cpdinclinic.co.in/support/api/brand_manager/pages/red-flag-alert-flow5-brandmanager-band-manager-field-rep-details-editing-page/?system=Red+Flag+Alert&flow=Flow5+%2F+BrandManager
Red Flag Alert,Flow4 / Publisher,publisher,Publisher Support,Publisher Login Page,red-flag-alert-flow4-publisher-publisher-login-page,1,2,Red Flag Alert / Access & Login,https://help.cpdinclinic.co.in/support/publisher/faq/page/red-flag-alert-flow4-publisher-publisher-login-page/?system=Red+Flag+Alert&flow=Flow4+%2F+Publisher,https://help.cpdinclinic.co.in/support/publisher/faq/page/red-flag-alert-flow4-publisher-publisher-login-page/widget/?system=Red+Flag+Alert&flow=Flow4+%2F+Publisher,https://help.cpdinclinic.co.in/support/publisher/faq/page/red-flag-alert-flow4-publisher-publisher-login-page/widget/?system=Red+Flag+Alert&flow=Flow4+%2F+Publisher&embed=1,https://help.cpdinclinic.co.in/support/api/publisher/pages/red-flag-alert-flow4-publisher-publisher-login-page/?system=Red+Flag+Alert&flow=Flow4+%2F+Publisher
Red Flag Alert,Flow4 / Publisher,publisher,Publisher Support,Publisher Existing Campaigns page,red-flag-alert-flow4-publisher-publisher-existing-campaigns-page,1,6,Red Flag Alert / Campaign Management,https://help.cpdinclinic.co.in/support/publisher/faq/page/red-flag-alert-flow4-publisher-publisher-existing-campaigns-page/?system=Red+Flag+Alert&flow=Flow4+%2F+Publisher,https://help.cpdinclinic.co.in/support/publisher/faq/page/red-flag-alert-flow4-publisher-publisher-existing-campaigns-page/widget/?system=Red+Flag+Alert&flow=Flow4+%2F+Publisher,https://help.cpdinclinic.co.in/support/publisher/faq/page/red-flag-alert-flow4-publisher-publisher-existing-campaigns-page/widget/?system=Red+Flag+Alert&flow=Flow4+%2F+Publisher&embed=1,https://help.cpdinclinic.co.in/support/api/publisher/pages/red-flag-alert-flow4-publisher-publisher-existing-campaigns-page/?system=Red+Flag+Alert&flow=Flow4+%2F+Publisher
Red Flag Alert,Flow4 / Publisher,publisher,Publisher Support,Publisher Campaign Lists for Field Rep page,red-flag-alert-flow4-publisher-publisher-campaign-lists-for-field-rep-page,1,2,Red Flag Alert / Field Rep Assignment,https://help.cpdinclinic.co.in/support/publisher/faq/page/red-flag-alert-flow4-publisher-publisher-campaign-lists-for-field-rep-page/?system=Red+Flag+Alert&flow=Flow4+%2F+Publisher,https://help.cpdinclinic.co.in/support/publisher/faq/page/red-flag-alert-flow4-publisher-publisher-campaign-lists-for-field-rep-page/widget/?system=Red+Flag+Alert&flow=Flow4+%2F+Publisher,https://help.cpdinclinic.co.in/support/publisher/faq/page/red-flag-alert-flow4-publisher-publisher-campaign-lists-for-field-rep-page/widget/?system=Red+Flag+Alert&flow=Flow4+%2F+Publisher&embed=1,https://help.cpdinclinic.co.in/support/api/publisher/pages/red-flag-alert-flow4-publisher-publisher-campaign-lists-for-field-rep-page/?system=Red+Flag+Alert&flow=Flow4+%2F+Publisher
Red Flag Alert,Flow4 / Publisher,publisher,Publisher Support,Publisher Campaign Field Rep page,red-flag-alert-flow4-publisher-publisher-campaign-field-rep-page,1,4,Red Flag Alert / Field Rep Assignment,https://help.cpdinclinic.co.in/support/publisher/faq/page/red-flag-alert-flow4-publisher-publisher-campaign-field-rep-page/?system=Red+Flag+Alert&flow=Flow4+%2F+Publisher,https://help.cpdinclinic.co.in/support/publisher/faq/page/red-flag-alert-flow4-publisher-publisher-campaign-field-rep-page/widget/?system=Red+Flag+Alert&flow=Flow4+%2F+Publisher,https://help.cpdinclinic.co.in/support/publisher/faq/page/red-flag-alert-flow4-publisher-publisher-campaign-field-rep-page/widget/?system=Red+Flag+Alert&flow=Flow4+%2F+Publisher&embed=1,https://help.cpdinclinic.co.in/support/api/publisher/pages/red-flag-alert-flow4-publisher-publisher-campaign-field-rep-page/?system=Red+Flag+Alert&flow=Flow4+%2F+Publisher
Red Flag Alert,Flow4 / Publisher,publisher,Publisher Support,Publisher Campaign Creation Page,red-flag-alert-flow4-publisher-publisher-campaign-creation-page,1,8,Red Flag Alert / Campaign Creation,https://help.cpdinclinic.co.in/support/publisher/faq/page/red-flag-alert-flow4-publisher-publisher-campaign-creation-page/?system=Red+Flag+Alert&flow=Flow4+%2F+Publisher,https://help.cpdinclinic.co.in/support/publisher/faq/page/red-flag-alert-flow4-publisher-publisher-campaign-creation-page/widget/?system=Red+Flag+Alert&flow=Flow4+%2F+Publisher,https://help.cpdinclinic.co.in/support/publisher/faq/page/red-flag-alert-flow4-publisher-publisher-campaign-creation-page/widget/?system=Red+Flag+Alert&flow=Flow4+%2F+Publisher&embed=1,https://help.cpdinclinic.co.in/support/api/publisher/pages/red-flag-alert-flow4-publisher-publisher-campaign-creation-page/?system=Red+Flag+Alert&flow=Flow4+%2F+Publisher
Customer support,General support,field_rep,Field Rep Support,Authentication Page,customer-support-authentication-page,1,1,Access & Login,https://help.cpdinclinic.co.in/support/field_rep/faq/page/customer-support-authentication-page/?system=Customer+support,https://help.cpdinclinic.co.in/support/field_rep/faq/page/customer-support-authentication-page/widget/?system=Customer+support,https://help.cpdinclinic.co.in/support/field_rep/faq/page/customer-support-authentication-page/widget/?system=Customer+support&embed=1,https://help.cpdinclinic.co.in/support/api/field_rep/pages/customer-support-authentication-page/?system=Customer+support
Customer support,General support,field_rep,Field Rep Support,Sharing & Activation Page,customer-support-sharing-activation-page,1,1,Campaign Operations,https://help.cpdinclinic.co.in/support/field_rep/faq/page/customer-support-sharing-activation-page/?system=Customer+support,https://help.cpdinclinic.co.in/support/field_rep/faq/page/customer-support-sharing-activation-page/widget/?system=Customer+support,https://help.cpdinclinic.co.in/support/field_rep/faq/page/customer-support-sharing-activation-page/widget/?system=Customer+support&embed=1,https://help.cpdinclinic.co.in/support/api/field_rep/pages/customer-support-sharing-activation-page/?system=Customer+support
Campaign performance,General support,field_rep,Field Rep Support,Reports & Insights Page,campaign-performance-reports-insights-page,1,1,Reporting & Analytics,https://help.cpdinclinic.co.in/support/field_rep/faq/page/campaign-performance-reports-insights-page/?system=Campaign+performance,https://help.cpdinclinic.co.in/support/field_rep/faq/page/campaign-performance-reports-insights-page/widget/?system=Campaign+performance,https://help.cpdinclinic.co.in/support/field_rep/faq/page/campaign-performance-reports-insights-page/widget/?system=Campaign+performance&embed=1,https://help.cpdinclinic.co.in/support/api/field_rep/pages/campaign-performance-reports-insights-page/?system=Campaign+performance
In-clinic,Flow2 / FieldRep,field_rep,Field Rep Support,Field Rep Login Page,in-clinic-flow2-fieldrep-field-rep-login-page,1,2,In-clinic / Recruitment & Access,https://help.cpdinclinic.co.in/support/field_rep/faq/page/in-clinic-flow2-fieldrep-field-rep-login-page/?system=In-clinic&flow=Flow2+%2F+FieldRep,https://help.cpdinclinic.co.in/support/field_rep/faq/page/in-clinic-flow2-fieldrep-field-rep-login-page/widget/?system=In-clinic&flow=Flow2+%2F+FieldRep,https://help.cpdinclinic.co.in/support/field_rep/faq/page/in-clinic-flow2-fieldrep-field-rep-login-page/widget/?system=In-clinic&flow=Flow2+%2F+FieldRep&embed=1,https://help.cpdinclinic.co.in/support/api/field_rep/pages/in-clinic-flow2-fieldrep-field-rep-login-page/?system=In-clinic&flow=Flow2+%2F+FieldRep
In-clinic,Flow2 / FieldRep,field_rep,Field Rep Support,Field Rep Sharing Page,in-clinic-flow2-fieldrep-field-rep-sharing-page,1,8,In-clinic / Collateral Sharing,https://help.cpdinclinic.co.in/support/field_rep/faq/page/in-clinic-flow2-fieldrep-field-rep-sharing-page/?system=In-clinic&flow=Flow2+%2F+FieldRep,https://help.cpdinclinic.co.in/support/field_rep/faq/page/in-clinic-flow2-fieldrep-field-rep-sharing-page/widget/?system=In-clinic&flow=Flow2+%2F+FieldRep,https://help.cpdinclinic.co.in/support/field_rep/faq/page/in-clinic-flow2-fieldrep-field-rep-sharing-page/widget/?system=In-clinic&flow=Flow2+%2F+FieldRep&embed=1,https://help.cpdinclinic.co.in/support/api/field_rep/pages/in-clinic-flow2-fieldrep-field-rep-sharing-page/?system=In-clinic&flow=Flow2+%2F+FieldRep
Red Flag Alert,Flow2 / FieldRep,field_rep,Field Rep Support,Field Rep Password Setup & Verification Page,red-flag-alert-flow2-fieldrep-field-rep-password-setup-verification-page,1,3,Red Flag Alert / Access & Login,https://help.cpdinclinic.co.in/support/field_rep/faq/page/red-flag-alert-flow2-fieldrep-field-rep-password-setup-verification-page/?system=Red+Flag+Alert&flow=Flow2+%2F+FieldRep,https://help.cpdinclinic.co.in/support/field_rep/faq/page/red-flag-alert-flow2-fieldrep-field-rep-password-setup-verification-page/widget/?system=Red+Flag+Alert&flow=Flow2+%2F+FieldRep,https://help.cpdinclinic.co.in/support/field_rep/faq/page/red-flag-alert-flow2-fieldrep-field-rep-password-setup-verification-page/widget/?system=Red+Flag+Alert&flow=Flow2+%2F+FieldRep&embed=1,https://help.cpdinclinic.co.in/support/api/field_rep/pages/red-flag-alert-flow2-fieldrep-field-rep-password-setup-verification-page/?system=Red+Flag+Alert&flow=Flow2+%2F+FieldRep
Red Flag Alert,Flow2 / FieldRep,field_rep,Field Rep Support,Field Rep Login Page,red-flag-alert-flow2-fieldrep-field-rep-login-page,1,3,Red Flag Alert / Access & Login,https://help.cpdinclinic.co.in/support/field_rep/faq/page/red-flag-alert-flow2-fieldrep-field-rep-login-page/?system=Red+Flag+Alert&flow=Flow2+%2F+FieldRep,https://help.cpdinclinic.co.in/support/field_rep/faq/page/red-flag-alert-flow2-fieldrep-field-rep-login-page/widget/?system=Red+Flag+Alert&flow=Flow2+%2F+FieldRep,https://help.cpdinclinic.co.in/support/field_rep/faq/page/red-flag-alert-flow2-fieldrep-field-rep-login-page/widget/?system=Red+Flag+Alert&flow=Flow2+%2F+FieldRep&embed=1,https://help.cpdinclinic.co.in/support/api/field_rep/pages/red-flag-alert-flow2-fieldrep-field-rep-login-page/?system=Red+Flag+Alert&flow=Flow2+%2F+FieldRep
Red Flag Alert,Flow2 / FieldRep,field_rep,Field Rep Support,Field Rep Dashboard,red-flag-alert-flow2-fieldrep-field-rep-dashboard,3,16,Red Flag Alert / Actions & Navigation | Red Flag Alert / Doctor Search & Onboarding | Red Flag Alert / WhatsApp Sharing,https://help.cpdinclinic.co.in/support/field_rep/faq/page/red-flag-alert-flow2-fieldrep-field-rep-dashboard/?system=Red+Flag+Alert&flow=Flow2+%2F+FieldRep,https://help.cpdinclinic.co.in/support/field_rep/faq/page/red-flag-alert-flow2-fieldrep-field-rep-dashboard/widget/?system=Red+Flag+Alert&flow=Flow2+%2F+FieldRep,https://help.cpdinclinic.co.in/support/field_rep/faq/page/red-flag-alert-flow2-fieldrep-field-rep-dashboard/widget/?system=Red+Flag+Alert&flow=Flow2+%2F+FieldRep&embed=1,https://help.cpdinclinic.co.in/support/api/field_rep/pages/red-flag-alert-flow2-fieldrep-field-rep-dashboard/?system=Red+Flag+Alert&flow=Flow2+%2F+FieldRep
Red Flag Alert,Flow2 / FieldRep,field_rep,Field Rep Support,Field Rep Clinic Asset Management Page,red-flag-alert-flow2-fieldrep-field-rep-clinic-asset-management-page,1,6,Red Flag Alert / QR / Asset Sharing,https://help.cpdinclinic.co.in/support/field_rep/faq/page/red-flag-alert-flow2-fieldrep-field-rep-clinic-asset-management-page/?system=Red+Flag+Alert&flow=Flow2+%2F+FieldRep,https://help.cpdinclinic.co.in/support/field_rep/faq/page/red-flag-alert-flow2-fieldrep-field-rep-clinic-asset-management-page/widget/?system=Red+Flag+Alert&flow=Flow2+%2F+FieldRep,https://help.cpdinclinic.co.in/support/field_rep/faq/page/red-flag-alert-flow2-fieldrep-field-rep-clinic-asset-management-page/widget/?system=Red+Flag+Alert&flow=Flow2+%2F+FieldRep&embed=1,https://help.cpdinclinic.co.in/support/api/field_rep/pages/red-flag-alert-flow2-fieldrep-field-rep-clinic-asset-management-page/?system=Red+Flag+Alert&flow=Flow2+%2F+FieldRep
Red Flag Alert,Flow2 / FieldRep,field_rep,Field Rep Support,Field Rep Clinic Outcome Management Page,red-flag-alert-flow2-fieldrep-field-rep-clinic-outcome-management-page,1,7,Red Flag Alert / Clinic Outcomes,https://help.cpdinclinic.co.in/support/field_rep/faq/page/red-flag-alert-flow2-fieldrep-field-rep-clinic-outcome-management-page/?system=Red+Flag+Alert&flow=Flow2+%2F+FieldRep,https://help.cpdinclinic.co.in/support/field_rep/faq/page/red-flag-alert-flow2-fieldrep-field-rep-clinic-outcome-management-page/widget/?system=Red+Flag+Alert&flow=Flow2+%2F+FieldRep,https://help.cpdinclinic.co.in/support/field_rep/faq/page/red-flag-alert-flow2-fieldrep-field-rep-clinic-outcome-management-page/widget/?system=Red+Flag+Alert&flow=Flow2+%2F+FieldRep&embed=1,https://help.cpdinclinic.co.in/support/api/field_rep/pages/red-flag-alert-flow2-fieldrep-field-rep-clinic-outcome-management-page/?system=Red+Flag+Alert&flow=Flow2+%2F+FieldRep
Patient Education,Flow2 / Patient,patient,Patient Support,Patient Page,patient-education-flow2-patient-patient-page,4,9,Patient Education / Patient Education Access | Patient Education / Clinic & Provider Information | Patient Education / Language Selection | Patient Education / Video Viewing,https://help.cpdinclinic.co.in/support/patient/faq/page/patient-education-flow2-patient-patient-page/?system=Patient+Education&flow=Flow2+%2F+Patient,https://help.cpdinclinic.co.in/support/patient/faq/page/patient-education-flow2-patient-patient-page/widget/?system=Patient+Education&flow=Flow2+%2F+Patient,https://help.cpdinclinic.co.in/support/patient/faq/page/patient-education-flow2-patient-patient-page/widget/?system=Patient+Education&flow=Flow2+%2F+Patient&embed=1,https://help.cpdinclinic.co.in/support/api/patient/pages/patient-education-flow2-patient-patient-page/?system=Patient+Education&flow=Flow2+%2F+Patient
Red Flag Alert,Flow3 / Patient,patient,Patient Support,T&C/WhatsApp verification Page,red-flag-alert-flow3-patient-tcwhatsapp-verification-page,1,4,Red Flag Alert / Consent & Access,https://help.cpdinclinic.co.in/support/patient/faq/page/red-flag-alert-flow3-patient-tcwhatsapp-verification-page/?system=Red+Flag+Alert&flow=Flow3+%2F+Patient,https://help.cpdinclinic.co.in/support/patient/faq/page/red-flag-alert-flow3-patient-tcwhatsapp-verification-page/widget/?system=Red+Flag+Alert&flow=Flow3+%2F+Patient,https://help.cpdinclinic.co.in/support/patient/faq/page/red-flag-alert-flow3-patient-tcwhatsapp-verification-page/widget/?system=Red+Flag+Alert&flow=Flow3+%2F+Patient&embed=1,https://help.cpdinclinic.co.in/support/api/patient/pages/red-flag-alert-flow3-patient-tcwhatsapp-verification-page/?system=Red+Flag+Alert&flow=Flow3+%2F+Patient
Red Flag Alert,Flow3 / Patient,patient,Patient Support,Patient Result Screen Page,red-flag-alert-flow3-patient-patient-result-screen-page,1,9,Red Flag Alert / Red Flag Results,https://help.cpdinclinic.co.in/support/patient/faq/page/red-flag-alert-flow3-patient-patient-result-screen-page/?system=Red+Flag+Alert&flow=Flow3+%2F+Patient,https://help.cpdinclinic.co.in/support/patient/faq/page/red-flag-alert-flow3-patient-patient-result-screen-page/widget/?system=Red+Flag+Alert&flow=Flow3+%2F+Patient,https://help.cpdinclinic.co.in/support/patient/faq/page/red-flag-alert-flow3-patient-patient-result-screen-page/widget/?system=Red+Flag+Alert&flow=Flow3+%2F+Patient&embed=1,https://help.cpdinclinic.co.in/support/api/patient/pages/red-flag-alert-flow3-patient-patient-result-screen-page/?system=Red+Flag+Alert&flow=Flow3+%2F+Patient
Red Flag Alert,Flow3 / Patient,patient,Patient Support,Patient RedFlags Embedded Video Page,red-flag-alert-flow3-patient-patient-redflags-embedded-video-page,1,1,Red Flag Alert / Video Education,https://help.cpdinclinic.co.in/support/patient/faq/page/red-flag-alert-flow3-patient-patient-redflags-embedded-video-page/?system=Red+Flag+Alert&flow=Flow3+%2F+Patient,https://help.cpdinclinic.co.in/support/patient/faq/page/red-flag-alert-flow3-patient-patient-redflags-embedded-video-page/widget/?system=Red+Flag+Alert&flow=Flow3+%2F+Patient,https://help.cpdinclinic.co.in/support/patient/faq/page/red-flag-alert-flow3-patient-patient-redflags-embedded-video-page/widget/?system=Red+Flag+Alert&flow=Flow3+%2F+Patient&embed=1,https://help.cpdinclinic.co.in/support/api/patient/pages/red-flag-alert-flow3-patient-patient-redflags-embedded-video-page/?system=Red+Flag+Alert&flow=Flow3+%2F+Patient
SAPLAICME,Student AI-CME Flow,student,Student Support,Role Selector Page,saplaicme-student-ai-cme-flow-role-selector-page,1,3,SAPLAICME / Access & Role Selection,https://help.cpdinclinic.co.in/support/student/faq/page/saplaicme-student-ai-cme-flow-role-selector-page/?system=SAPLAICME&flow=Student+AI-CME+Flow,https://help.cpdinclinic.co.in/support/student/faq/page/saplaicme-student-ai-cme-flow-role-selector-page/widget/?system=SAPLAICME&flow=Student+AI-CME+Flow,https://help.cpdinclinic.co.in/support/student/faq/page/saplaicme-student-ai-cme-flow-role-selector-page/widget/?system=SAPLAICME&flow=Student+AI-CME+Flow&embed=1,https://help.cpdinclinic.co.in/support/api/student/pages/saplaicme-student-ai-cme-flow-role-selector-page/?system=SAPLAICME&flow=Student+AI-CME+Flow
SAPLAICME,Student AI-CME Flow,student,Student Support,Student Registration Page,saplaicme-student-ai-cme-flow-student-registration-page,1,3,SAPLAICME / Registration & Login,https://help.cpdinclinic.co.in/support/student/faq/page/saplaicme-student-ai-cme-flow-student-registration-page/?system=SAPLAICME&flow=Student+AI-CME+Flow,https://help.cpdinclinic.co.in/support/student/faq/page/saplaicme-student-ai-cme-flow-student-registration-page/widget/?system=SAPLAICME&flow=Student+AI-CME+Flow,https://help.cpdinclinic.co.in/support/student/faq/page/saplaicme-student-ai-cme-flow-student-registration-page/widget/?system=SAPLAICME&flow=Student+AI-CME+Flow&embed=1,https://help.cpdinclinic.co.in/support/api/student/pages/saplaicme-student-ai-cme-flow-student-registration-page/?system=SAPLAICME&flow=Student+AI-CME+Flow
SAPLAICME,Student AI-CME Flow,student,Student Support,Login Page,saplaicme-student-ai-cme-flow-login-page,1,3,SAPLAICME / Registration & Login,https://help.cpdinclinic.co.in/support/student/faq/page/saplaicme-student-ai-cme-flow-login-page/?system=SAPLAICME&flow=Student+AI-CME+Flow,https://help.cpdinclinic.co.in/support/student/faq/page/saplaicme-student-ai-cme-flow-login-page/widget/?system=SAPLAICME&flow=Student+AI-CME+Flow,https://help.cpdinclinic.co.in/support/student/faq/page/saplaicme-student-ai-cme-flow-login-page/widget/?system=SAPLAICME&flow=Student+AI-CME+Flow&embed=1,https://help.cpdinclinic.co.in/support/api/student/pages/saplaicme-student-ai-cme-flow-login-page/?system=SAPLAICME&flow=Student+AI-CME+Flow
SAPLAICME,Student AI-CME Flow,student,Student Support,Student Dashboard,saplaicme-student-ai-cme-flow-student-dashboard,1,6,SAPLAICME / Dashboard & Navigation,https://help.cpdinclinic.co.in/support/student/faq/page/saplaicme-student-ai-cme-flow-student-dashboard/?system=SAPLAICME&flow=Student+AI-CME+Flow,https://help.cpdinclinic.co.in/support/student/faq/page/saplaicme-student-ai-cme-flow-student-dashboard/widget/?system=SAPLAICME&flow=Student+AI-CME+Flow,https://help.cpdinclinic.co.in/support/student/faq/page/saplaicme-student-ai-cme-flow-student-dashboard/widget/?system=SAPLAICME&flow=Student+AI-CME+Flow&embed=1,https://help.cpdinclinic.co.in/support/api/student/pages/saplaicme-student-ai-cme-flow-student-dashboard/?system=SAPLAICME&flow=Student+AI-CME+Flow
SAPLAICME,Student AI-CME Flow,student,Student Support,Checkout Page,saplaicme-student-ai-cme-flow-checkout-page,1,5,SAPLAICME / Payments & Credits,https://help.cpdinclinic.co.in/support/student/faq/page/saplaicme-student-ai-cme-flow-checkout-page/?system=SAPLAICME&flow=Student+AI-CME+Flow,https://help.cpdinclinic.co.in/support/student/faq/page/saplaicme-student-ai-cme-flow-checkout-page/widget/?system=SAPLAICME&flow=Student+AI-CME+Flow,https://help.cpdinclinic.co.in/support/student/faq/page/saplaicme-student-ai-cme-flow-checkout-page/widget/?system=SAPLAICME&flow=Student+AI-CME+Flow&embed=1,https://help.cpdinclinic.co.in/support/api/student/pages/saplaicme-student-ai-cme-flow-checkout-page/?system=SAPLAICME&flow=Student+AI-CME+Flow
SAPLAICME,Student AI-CME Flow,student,Student Support,AI-CME Dashboard,saplaicme-student-ai-cme-flow-ai-cme-dashboard,1,6,SAPLAICME / AI-CME Access,https://help.cpdinclinic.co.in/support/student/faq/page/saplaicme-student-ai-cme-flow-ai-cme-dashboard/?system=SAPLAICME&flow=Student+AI-CME+Flow,https://help.cpdinclinic.co.in/support/student/faq/page/saplaicme-student-ai-cme-flow-ai-cme-dashboard/widget/?system=SAPLAICME&flow=Student+AI-CME+Flow,https://help.cpdinclinic.co.in/support/student/faq/page/saplaicme-student-ai-cme-flow-ai-cme-dashboard/widget/?system=SAPLAICME&flow=Student+AI-CME+Flow&embed=1,https://help.cpdinclinic.co.in/support/api/student/pages/saplaicme-student-ai-cme-flow-ai-cme-dashboard/?system=SAPLAICME&flow=Student+AI-CME+Flow
SAPLAICME,Student Lecture Flow,student,Student Support,Role Selector Page,saplaicme-student-lecture-flow-role-selector-page,1,4,SAPLAICME / Access & Role Selection,https://help.cpdinclinic.co.in/support/student/faq/page/saplaicme-student-lecture-flow-role-selector-page/?system=SAPLAICME&flow=Student+Lecture+Flow,https://help.cpdinclinic.co.in/support/student/faq/page/saplaicme-student-lecture-flow-role-selector-page/widget/?system=SAPLAICME&flow=Student+Lecture+Flow,https://help.cpdinclinic.co.in/support/student/faq/page/saplaicme-student-lecture-flow-role-selector-page/widget/?system=SAPLAICME&flow=Student+Lecture+Flow&embed=1,https://help.cpdinclinic.co.in/support/api/student/pages/saplaicme-student-lecture-flow-role-selector-page/?system=SAPLAICME&flow=Student+Lecture+Flow
SAPLAICME,Student Lecture Flow,student,Student Support,Login Page,saplaicme-student-lecture-flow-login-page,1,6,SAPLAICME / Registration & Login,https://help.cpdinclinic.co.in/support/student/faq/page/saplaicme-student-lecture-flow-login-page/?system=SAPLAICME&flow=Student+Lecture+Flow,https://help.cpdinclinic.co.in/support/student/faq/page/saplaicme-student-lecture-flow-login-page/widget/?system=SAPLAICME&flow=Student+Lecture+Flow,https://help.cpdinclinic.co.in/support/student/faq/page/saplaicme-student-lecture-flow-login-page/widget/?system=SAPLAICME&flow=Student+Lecture+Flow&embed=1,https://help.cpdinclinic.co.in/support/api/student/pages/saplaicme-student-lecture-flow-login-page/?system=SAPLAICME&flow=Student+Lecture+Flow
SAPLAICME,Student Lecture Flow,student,Student Support,Student Dashboard,saplaicme-student-lecture-flow-student-dashboard,1,3,SAPLAICME / Dashboard & Navigation,https://help.cpdinclinic.co.in/support/student/faq/page/saplaicme-student-lecture-flow-student-dashboard/?system=SAPLAICME&flow=Student+Lecture+Flow,https://help.cpdinclinic.co.in/support/student/faq/page/saplaicme-student-lecture-flow-student-dashboard/widget/?system=SAPLAICME&flow=Student+Lecture+Flow,https://help.cpdinclinic.co.in/support/student/faq/page/saplaicme-student-lecture-flow-student-dashboard/widget/?system=SAPLAICME&flow=Student+Lecture+Flow&embed=1,https://help.cpdinclinic.co.in/support/api/student/pages/saplaicme-student-lecture-flow-student-dashboard/?system=SAPLAICME&flow=Student+Lecture+Flow
SAPLAICME,Student Lecture Flow,student,Student Support,Checkout Page,saplaicme-student-lecture-flow-checkout-page,1,4,SAPLAICME / Payments & Credits,https://help.cpdinclinic.co.in/support/student/faq/page/saplaicme-student-lecture-flow-checkout-page/?system=SAPLAICME&flow=Student+Lecture+Flow,https://help.cpdinclinic.co.in/support/student/faq/page/saplaicme-student-lecture-flow-checkout-page/widget/?system=SAPLAICME&flow=Student+Lecture+Flow,https://help.cpdinclinic.co.in/support/student/faq/page/saplaicme-student-lecture-flow-checkout-page/widget/?system=SAPLAICME&flow=Student+Lecture+Flow&embed=1,https://help.cpdinclinic.co.in/support/api/student/pages/saplaicme-student-lecture-flow-checkout-page/?system=SAPLAICME&flow=Student+Lecture+Flow
SAPLAICME,Student Lecture Flow,student,Student Support,Course Details Page,saplaicme-student-lecture-flow-course-details-page,1,6,SAPLAICME / Recorded Lectures / Learning Access,https://help.cpdinclinic.co.in/support/student/faq/page/saplaicme-student-lecture-flow-course-details-page/?system=SAPLAICME&flow=Student+Lecture+Flow,https://help.cpdinclinic.co.in/support/student/faq/page/saplaicme-student-lecture-flow-course-details-page/widget/?system=SAPLAICME&flow=Student+Lecture+Flow,https://help.cpdinclinic.co.in/support/student/faq/page/saplaicme-student-lecture-flow-course-details-page/widget/?system=SAPLAICME&flow=Student+Lecture+Flow&embed=1,https://help.cpdinclinic.co.in/support/api/student/pages/saplaicme-student-lecture-flow-course-details-page/?system=SAPLAICME&flow=Student+Lecture+Flow
SAPLAICME,Student Lecture Flow,student,Student Support,Course Lectures Page,saplaicme-student-lecture-flow-course-lectures-page,1,16,SAPLAICME / Recorded Lectures / Learning Access,https://help.cpdinclinic.co.in/support/student/faq/page/saplaicme-student-lecture-flow-course-lectures-page/?system=SAPLAICME&flow=Student+Lecture+Flow,https://help.cpdinclinic.co.in/support/student/faq/page/saplaicme-student-lecture-flow-course-lectures-page/widget/?system=SAPLAICME&flow=Student+Lecture+Flow,https://help.cpdinclinic.co.in/support/student/faq/page/saplaicme-student-lecture-flow-course-lectures-page/widget/?system=SAPLAICME&flow=Student+Lecture+Flow&embed=1,https://help.cpdinclinic.co.in/support/api/student/pages/saplaicme-student-lecture-flow-course-lectures-page/?system=SAPLAICME&flow=Student+Lecture+Flow
SAPLAICME,Student Webinar Flow,student,Student Support,Role Selector Page,saplaicme-student-webinar-flow-role-selector-page,1,4,SAPLAICME / Access & Role Selection,https://help.cpdinclinic.co.in/support/student/faq/page/saplaicme-student-webinar-flow-role-selector-page/?system=SAPLAICME&flow=Student+Webinar+Flow,https://help.cpdinclinic.co.in/support/student/faq/page/saplaicme-student-webinar-flow-role-selector-page/widget/?system=SAPLAICME&flow=Student+Webinar+Flow,https://help.cpdinclinic.co.in/support/student/faq/page/saplaicme-student-webinar-flow-role-selector-page/widget/?system=SAPLAICME&flow=Student+Webinar+Flow&embed=1,https://help.cpdinclinic.co.in/support/api/student/pages/saplaicme-student-webinar-flow-role-selector-page/?system=SAPLAICME&flow=Student+Webinar+Flow
SAPLAICME,Student Webinar Flow,student,Student Support,Login Page,saplaicme-student-webinar-flow-login-page,1,6,SAPLAICME / Registration & Login,https://help.cpdinclinic.co.in/support/student/faq/page/saplaicme-student-webinar-flow-login-page/?system=SAPLAICME&flow=Student+Webinar+Flow,https://help.cpdinclinic.co.in/support/student/faq/page/saplaicme-student-webinar-flow-login-page/widget/?system=SAPLAICME&flow=Student+Webinar+Flow,https://help.cpdinclinic.co.in/support/student/faq/page/saplaicme-student-webinar-flow-login-page/widget/?system=SAPLAICME&flow=Student+Webinar+Flow&embed=1,https://help.cpdinclinic.co.in/support/api/student/pages/saplaicme-student-webinar-flow-login-page/?system=SAPLAICME&flow=Student+Webinar+Flow
SAPLAICME,Student Webinar Flow,student,Student Support,Student Webinar Dashboard,saplaicme-student-webinar-flow-student-webinar-dashboard,1,5,SAPLAICME / Dashboard & Webinars,https://help.cpdinclinic.co.in/support/student/faq/page/saplaicme-student-webinar-flow-student-webinar-dashboard/?system=SAPLAICME&flow=Student+Webinar+Flow,https://help.cpdinclinic.co.in/support/student/faq/page/saplaicme-student-webinar-flow-student-webinar-dashboard/widget/?system=SAPLAICME&flow=Student+Webinar+Flow,https://help.cpdinclinic.co.in/support/student/faq/page/saplaicme-student-webinar-flow-student-webinar-dashboard/widget/?system=SAPLAICME&flow=Student+Webinar+Flow&embed=1,https://help.cpdinclinic.co.in/support/api/student/pages/saplaicme-student-webinar-flow-student-webinar-dashboard/?system=SAPLAICME&flow=Student+Webinar+Flow
SAPLAICME,Student Webinar Flow,student,Student Support,Student Webinar Library,saplaicme-student-webinar-flow-student-webinar-library,1,6,SAPLAICME / Dashboard & Webinars,https://help.cpdinclinic.co.in/support/student/faq/page/saplaicme-student-webinar-flow-student-webinar-library/?system=SAPLAICME&flow=Student+Webinar+Flow,https://help.cpdinclinic.co.in/support/student/faq/page/saplaicme-student-webinar-flow-student-webinar-library/widget/?system=SAPLAICME&flow=Student+Webinar+Flow,https://help.cpdinclinic.co.in/support/student/faq/page/saplaicme-student-webinar-flow-student-webinar-library/widget/?system=SAPLAICME&flow=Student+Webinar+Flow&embed=1,https://help.cpdinclinic.co.in/support/api/student/pages/saplaicme-student-webinar-flow-student-webinar-library/?system=SAPLAICME&flow=Student+Webinar+Flow
SAPLAICME,Student Webinar Flow,student,Student Support,Webinar Info Page,saplaicme-student-webinar-flow-webinar-info-page,1,3,SAPLAICME / Dashboard & Webinars,https://help.cpdinclinic.co.in/support/student/faq/page/saplaicme-student-webinar-flow-webinar-info-page/?system=SAPLAICME&flow=Student+Webinar+Flow,https://help.cpdinclinic.co.in/support/student/faq/page/saplaicme-student-webinar-flow-webinar-info-page/widget/?system=SAPLAICME&flow=Student+Webinar+Flow,https://help.cpdinclinic.co.in/support/student/faq/page/saplaicme-student-webinar-flow-webinar-info-page/widget/?system=SAPLAICME&flow=Student+Webinar+Flow&embed=1,https://help.cpdinclinic.co.in/support/api/student/pages/saplaicme-student-webinar-flow-webinar-info-page/?system=SAPLAICME&flow=Student+Webinar+Flow
SAPLAICME,Student Webinar Flow,student,Student Support,Certificate Page,saplaicme-student-webinar-flow-certificate-page,1,4,SAPLAICME / Certificates,https://help.cpdinclinic.co.in/support/student/faq/page/saplaicme-student-webinar-flow-certificate-page/?system=SAPLAICME&flow=Student+Webinar+Flow,https://help.cpdinclinic.co.in/support/student/faq/page/saplaicme-student-webinar-flow-certificate-page/widget/?system=SAPLAICME&flow=Student+Webinar+Flow,https://help.cpdinclinic.co.in/support/student/faq/page/saplaicme-student-webinar-flow-certificate-page/widget/?system=SAPLAICME&flow=Student+Webinar+Flow&embed=1,https://help.cpdinclinic.co.in/support/api/student/pages/saplaicme-student-webinar-flow-certificate-page/?system=SAPLAICME&flow=Student+Webinar+Flow
SAPLAICME,Student Webinar Flow,student,Student Support,Webinar Payments Page,saplaicme-student-webinar-flow-webinar-payments-page,1,3,SAPLAICME / Payments & Booking,https://help.cpdinclinic.co.in/support/student/faq/page/saplaicme-student-webinar-flow-webinar-payments-page/?system=SAPLAICME&flow=Student+Webinar+Flow,https://help.cpdinclinic.co.in/support/student/faq/page/saplaicme-student-webinar-flow-webinar-payments-page/widget/?system=SAPLAICME&flow=Student+Webinar+Flow,https://help.cpdinclinic.co.in/support/student/faq/page/saplaicme-student-webinar-flow-webinar-payments-page/widget/?system=SAPLAICME&flow=Student+Webinar+Flow&embed=1,https://help.cpdinclinic.co.in/support/api/student/pages/saplaicme-student-webinar-flow-webinar-payments-page/?system=SAPLAICME&flow=Student+Webinar+Flow
SAPLAICME,Expert Webinar Flow,expert,Expert Support,Role Selector Page,saplaicme-expert-webinar-flow-role-selector-page,1,3,SAPLAICME / Access & Role Selection,https://help.cpdinclinic.co.in/support/expert/faq/page/saplaicme-expert-webinar-flow-role-selector-page/?system=SAPLAICME&flow=Expert+Webinar+Flow,https://help.cpdinclinic.co.in/support/expert/faq/page/saplaicme-expert-webinar-flow-role-selector-page/widget/?system=SAPLAICME&flow=Expert+Webinar+Flow,https://help.cpdinclinic.co.in/support/expert/faq/page/saplaicme-expert-webinar-flow-role-selector-page/widget/?system=SAPLAICME&flow=Expert+Webinar+Flow&embed=1,https://help.cpdinclinic.co.in/support/api/expert/pages/saplaicme-expert-webinar-flow-role-selector-page/?system=SAPLAICME&flow=Expert+Webinar+Flow
SAPLAICME,Expert Webinar Flow,expert,Expert Support,Expert Registration Page,saplaicme-expert-webinar-flow-expert-registration-page,1,4,SAPLAICME / Registration & Profile Setup,https://help.cpdinclinic.co.in/support/expert/faq/page/saplaicme-expert-webinar-flow-expert-registration-page/?system=SAPLAICME&flow=Expert+Webinar+Flow,https://help.cpdinclinic.co.in/support/expert/faq/page/saplaicme-expert-webinar-flow-expert-registration-page/widget/?system=SAPLAICME&flow=Expert+Webinar+Flow,https://help.cpdinclinic.co.in/support/expert/faq/page/saplaicme-expert-webinar-flow-expert-registration-page/widget/?system=SAPLAICME&flow=Expert+Webinar+Flow&embed=1,https://help.cpdinclinic.co.in/support/api/expert/pages/saplaicme-expert-webinar-flow-expert-registration-page/?system=SAPLAICME&flow=Expert+Webinar+Flow
SAPLAICME,Expert Webinar Flow,expert,Expert Support,Expert Webinar Dashboard,saplaicme-expert-webinar-flow-expert-webinar-dashboard,2,8,SAPLAICME / Dashboard & Navigation | SAPLAICME / Webinar Management,https://help.cpdinclinic.co.in/support/expert/faq/page/saplaicme-expert-webinar-flow-expert-webinar-dashboard/?system=SAPLAICME&flow=Expert+Webinar+Flow,https://help.cpdinclinic.co.in/support/expert/faq/page/saplaicme-expert-webinar-flow-expert-webinar-dashboard/widget/?system=SAPLAICME&flow=Expert+Webinar+Flow,https://help.cpdinclinic.co.in/support/expert/faq/page/saplaicme-expert-webinar-flow-expert-webinar-dashboard/widget/?system=SAPLAICME&flow=Expert+Webinar+Flow&embed=1,https://help.cpdinclinic.co.in/support/api/expert/pages/saplaicme-expert-webinar-flow-expert-webinar-dashboard/?system=SAPLAICME&flow=Expert+Webinar+Flow
SAPLAICME,Expert Webinar Flow,expert,Expert Support,Webinar Info Page,saplaicme-expert-webinar-flow-webinar-info-page,3,19,SAPLAICME / Webinar Management | SAPLAICME / Materials Management | SAPLAICME / Recording Management,https://help.cpdinclinic.co.in/support/expert/faq/page/saplaicme-expert-webinar-flow-webinar-info-page/?system=SAPLAICME&flow=Expert+Webinar+Flow,https://help.cpdinclinic.co.in/support/expert/faq/page/saplaicme-expert-webinar-flow-webinar-info-page/widget/?system=SAPLAICME&flow=Expert+Webinar+Flow,https://help.cpdinclinic.co.in/support/expert/faq/page/saplaicme-expert-webinar-flow-webinar-info-page/widget/?system=SAPLAICME&flow=Expert+Webinar+Flow&embed=1,https://help.cpdinclinic.co.in/support/api/expert/pages/saplaicme-expert-webinar-flow-webinar-info-page/?system=SAPLAICME&flow=Expert+Webinar+Flow
